<?xml version="1.0" encoding="UTF-8"?>
<beans xmlns="http://www.springframework.org/schema/beans"
	xmlns:xsi="http://www.w3.org/2001/XMLSchema-instance"
	xsi:schemaLocation="http://www.springframework.org/schema/beans http://www.springframework.org/schema/beans/spring-beans.xsd">
	
	<!-- Root Context: defines shared resources visible to all other web components -->
		 <bean id="connectionFactory" class="org.apache.activemq.ActiveMQConnectionFactory">

      <property name="brokerURL" value="tcp://localhost:61616" />

  </bean>

  <bean id="messageDestination" class="org.apache.activemq.command.ActiveMQQueue">

      <constructor-arg value="messageQueue1" />

  </bean>

  <bean id="jmsTemplate" class="org.springframework.jms.core.JmsTemplate">

      <property name="connectionFactory" ref="connectionFactory" />

      <property name="receiveTimeout" value="10000" />

  </bean>



  <bean id="springJmsProducer" class="com.alti.jms.service.SpringJmsProducer">

      <property name="destination" ref="messageDestination" />

      <property name="jmsTemplate" ref="jmsTemplate" />

  </bean>




</beans>
